dataset,optimizer,iteration,variation,runtime
Coffee,ssg-3,0_480572344836273665,0.958315852187946,85.27465600000001
Coffee,ssg-1,0_721830974830776,1.0408699226584288,29.500602999999998
