dataset,optimizer,iteration,variation,runtime
Coffee,ssg-3,0_480572344836273665,0.9583158521879459,85.274656
